"","date","state","actual_gdp","pred_gdp"
"lfpr_yoy_change18...1",2017-04-01,"CA","4.5487354001212","2.06969382167169"
"lfpr_yoy_change18...2",2017-04-01,"TX","2.11926458045015","0.30771078630466"
"lfpr_yoy_change18...3",2017-04-01,"FL","3.51163660644582","2.99715489486435"
"lfpr_yoy_change18...4",2017-04-01,"NY","-0.20482149631984","1.294971981988"
"lfpr_yoy_change18...5",2017-04-01,"NC","2.79574796292892","2.20342924701266"
"lfpr_yoy_change18...6",2017-04-01,"AL","1.03147082673669","2.47839004572621"
"lfpr_yoy_change18...7",2017-04-01,"CO","3.46216580788195","0.524374288172082"
"lfpr_yoy_change18...8",2017-04-01,"AZ","3.75077641813355","-1.03928747228086"
"lfpr_yoy_change18...9",2017-04-01,"GA","3.04388915531471","3.46639459035053"
"lfpr_yoy_change18...10",2017-04-01,"ID","2.26755841574151","2.68305810437945"
"lfpr_yoy_change18...11",2017-04-01,"AK","-0.117533096545042","1.61921949513178"
"lfpr_yoy_change18...12",2017-04-01,"HI","2.01087957021031","1.56505098699676"
"lfpr_yoy_change18...13",2017-04-01,"OH","1.8264098545969","0.580590328251415"
"lfpr_yoy_change18...14",2017-04-01,"IL","0.228512816951354","1.9851115000444"
"lfpr_yoy_change18...15",2017-04-01,"MA","1.21926031287851","0.285530410994006"
"lfpr_yoy_change18...16",2017-04-01,"MI","0.811733904479128","2.87369429539804"
"lfpr_yoy_change18...17",2017-04-01,"MN","1.69529306683271","1.85818821578472"
"lfpr_yoy_change18...18",2017-04-01,"PA","0.821259572642496","2.30517973946777"
"lfpr_yoy_change18...19",2017-04-01,"TN","3.09400421999713","1.98459775927555"
"lfpr_yoy_change18...20",2017-04-01,"LA","2.19597076424782","2.0008118356814"
"lfpr_yoy_change18...21",2017-04-01,"IA","1.1293886424927","1.19646618004383"
"lfpr_yoy_change18...22",2017-04-01,"KS","1.16180597885789","1.48419176770433"
"lfpr_yoy_change18...23",2017-04-01,"SC","2.33347106098905","2.42794205895989"
"lfpr_yoy_change18...24",2017-04-01,"NM","-0.550716682256869","1.39396638881819"
"lfpr_yoy_change18...25",2017-04-01,"UT","4.28400382814837","0.922244998890609"
"lfpr_yoy_change18...26",2017-04-01,"OR","3.58537251521818","2.46156109955752"
"lfpr_yoy_change18...27",2017-04-01,"WA","5.02170497334429","1.75548583066896"
"lfpr_yoy_change18...28",2017-04-01,"KY","0.904396559507536","3.05658973322226"
"lfpr_yoy_change18...29",2017-04-01,"WI","-0.49031848234854","1.05116173100454"
"lfpr_yoy_change18...30",2017-04-01,"NJ","0.548938408814625","0.531024649600423"
"lfpr_yoy_change18...31",2017-04-01,"VA","1.61855819273551","0.458319720616119"
"lfpr_yoy_change18...32",2017-04-01,"MO","1.00552217712662","0.942027208943251"
"lfpr_yoy_change18...33",2017-04-01,"CT","1.81837039341846","2.04580484019589"
"lfpr_yoy_change18...34",2017-04-01,"IN","1.57789880385142","0.691492424248198"
"lfpr_yoy_change18...35",2017-04-01,"NV","4.68468637590413","1.87369745289568"
"lfpr_yoy_change18...36",2017-04-01,"DE","-5.79415521945527","-0.326645263668311"
"lfpr_yoy_change18...37",2017-04-01,"AR","0.780898766590421","2.76509485406087"
"lfpr_yoy_change18...38",2017-04-01,"RI","-0.460116886365525","1.13251561710694"
"lfpr_yoy_change18...39",2017-04-01,"NE","2.03723220564316","0.652902232034637"
"lfpr_yoy_change18...40",2017-04-01,"WV","1.74803314080838","2.10359023135534"
"lfpr_yoy_change18...41",2017-04-01,"OK","0.735117693294174","2.83273188919332"
"lfpr_yoy_change18...42",2017-04-01,"MT","5.44523997247301","2.48595645441072"
"lfpr_yoy_change18...43",2017-04-01,"VT","0.319925782675567","1.43237374648017"
"lfpr_yoy_change18...44",2017-04-01,"WY","-1.30224517827208","3.08387066255872"
"lfpr_yoy_change18...45",2017-04-01,"MS","-0.159580463554543","0.812180803849206"
"lfpr_yoy_change18...46",2017-04-01,"ND","3.97489739156296","1.83587523340989"
"lfpr_yoy_change18...47",2017-04-01,"ME","0.747966953558099","2.34464642707147"
"lfpr_yoy_change18...48",2017-04-01,"SD","0.784125984802797","1.33420460976075"
"lfpr_yoy_change18...49",2017-04-01,"NH","-0.36113786961266","0.691996754518011"
"lfpr_yoy_change18...50",2017-04-01,"MD","1.5760875773229","-4.53588522557515"
"lfpr_yoy_change21...51",2017-07-01,"CA","4.76667013746574","1.52472240356543"
"lfpr_yoy_change21...52",2017-07-01,"TX","2.62309818492605","0.27498822135039"
"lfpr_yoy_change21...53",2017-07-01,"FL","2.70113984700828","2.96354467746187"
"lfpr_yoy_change21...54",2017-07-01,"NY","1.17429825370639","1.09645675417379"
"lfpr_yoy_change21...55",2017-07-01,"NC","2.55026761773629","3.34783640378407"
"lfpr_yoy_change21...56",2017-07-01,"AL","1.23685246205252","2.83377016760781"
"lfpr_yoy_change21...57",2017-07-01,"CO","3.54660424936053","1.49578805617125"
"lfpr_yoy_change21...58",2017-07-01,"AZ","4.31600292160197","-4.62828491848267"
"lfpr_yoy_change21...59",2017-07-01,"GA","3.22835470474219","2.8783256044367"
"lfpr_yoy_change21...60",2017-07-01,"ID","1.73294009350546","2.58689804584635"
"lfpr_yoy_change21...61",2017-07-01,"AK","1.71200314953612","1.94483066587511"
"lfpr_yoy_change21...62",2017-07-01,"HI","2.3615843435896","1.76525080986155"
"lfpr_yoy_change21...63",2017-07-01,"OH","1.61752014263121","0.922147151447804"
"lfpr_yoy_change21...64",2017-07-01,"IL","1.12315509211582","1.68084511287524"
"lfpr_yoy_change21...65",2017-07-01,"MA","1.21327565229712","1.19814523860501"
"lfpr_yoy_change21...66",2017-07-01,"MI","0.971582202442756","1.31912670942131"
"lfpr_yoy_change21...67",2017-07-01,"MN","-0.511540486781903","0.995402116032997"
"lfpr_yoy_change21...68",2017-07-01,"PA","1.04779719621328","2.38229024916717"
"lfpr_yoy_change21...69",2017-07-01,"TN","2.65200733931727","0.893571906030915"
"lfpr_yoy_change21...70",2017-07-01,"LA","2.60746788624748","1.40718360042828"
"lfpr_yoy_change21...71",2017-07-01,"IA","-0.562518896342501","1.15456482622133"
"lfpr_yoy_change21...72",2017-07-01,"KS","0.236690972446274","0.962021140161627"
"lfpr_yoy_change21...73",2017-07-01,"SC","1.95699614664604","1.61719956170367"
"lfpr_yoy_change21...74",2017-07-01,"NM","0.557848796283267","0.494620963502916"
"lfpr_yoy_change21...75",2017-07-01,"UT","4.95572962151849","1.54472183239963"
"lfpr_yoy_change21...76",2017-07-01,"OR","4.17739077567563","4.05472843112506"
"lfpr_yoy_change21...77",2017-07-01,"WA","6.09067668570977","1.56830764947846"
"lfpr_yoy_change21...78",2017-07-01,"KY","0.191279917761467","3.38018659123772"
"lfpr_yoy_change21...79",2017-07-01,"WI","-0.105369231775509","0.170320009935335"
"lfpr_yoy_change21...80",2017-07-01,"NJ","0.814218204877126","0.75036346563332"
"lfpr_yoy_change21...81",2017-07-01,"VA","1.65023519458802","0.33223839354309"
"lfpr_yoy_change21...82",2017-07-01,"MO","1.03727342399662","0.286199401284799"
"lfpr_yoy_change21...83",2017-07-01,"CT","2.39671910803119","2.20790134246322"
"lfpr_yoy_change21...84",2017-07-01,"IN","1.1198158101859","3.19737362274399"
"lfpr_yoy_change21...85",2017-07-01,"NV","3.61394039106946","1.51968234177351"
"lfpr_yoy_change21...86",2017-07-01,"DE","-4.13708471568613","1.32014895344484"
"lfpr_yoy_change21...87",2017-07-01,"AR","1.18896592680044","2.8609492971237"
"lfpr_yoy_change21...88",2017-07-01,"RI","-0.541883254741238","1.00614531203279"
"lfpr_yoy_change21...89",2017-07-01,"NE","0.983525635978744","0.200627418324301"
"lfpr_yoy_change21...90",2017-07-01,"WV","2.24053382681233","1.90225360711999"
"lfpr_yoy_change21...91",2017-07-01,"OK","1.1674581945885","0.852682566131853"
"lfpr_yoy_change21...92",2017-07-01,"MT","4.25562702782143","2.7083416246378"
"lfpr_yoy_change21...93",2017-07-01,"VT","0.127773654224828","1.93946005640226"
"lfpr_yoy_change21...94",2017-07-01,"WY","-0.0444598264203067","3.53891834519425"
"lfpr_yoy_change21...95",2017-07-01,"MS","-0.0110916457130239","0.660196844033788"
"lfpr_yoy_change21...96",2017-07-01,"ND","3.36615816636308","1.29317338856636"
"lfpr_yoy_change21...97",2017-07-01,"ME","1.81721014427558","3.70941904511094"
"lfpr_yoy_change21...98",2017-07-01,"SD","-2.58763264754526","1.63231215746498"
"lfpr_yoy_change21...99",2017-07-01,"NH","0.641933441424758","0.0177800164778744"
"lfpr_yoy_change21...100",2017-07-01,"MD","1.49492575171666","-0.436915812863164"
"lfpr_yoy_change24...101",2017-10-01,"CA","5.82338984335473","1.60367334924291"
"lfpr_yoy_change24...102",2017-10-01,"TX","3.58640849045591","1.24274810226162"
"lfpr_yoy_change24...103",2017-10-01,"FL","3.39568044482483","3.42995074182309"
"lfpr_yoy_change24...104",2017-10-01,"NY","2.71379641750014","1.230225827366"
"lfpr_yoy_change24...105",2017-10-01,"NC","2.20715407279264","3.7152241470774"
"lfpr_yoy_change24...106",2017-10-01,"AL","1.60182504275523","2.55643161334096"
"lfpr_yoy_change24...107",2017-10-01,"CO","3.60995453900579","1.74163144697607"
"lfpr_yoy_change24...108",2017-10-01,"AZ","4.64614419330436","-4.20072768480851"
"lfpr_yoy_change24...109",2017-10-01,"GA","3.8137465194255","2.17735089192725"
"lfpr_yoy_change24...110",2017-10-01,"ID","3.19333501456902","2.53616813781858"
"lfpr_yoy_change24...111",2017-10-01,"AK","0.529563096524166","1.54283507062914"
"lfpr_yoy_change24...112",2017-10-01,"HI","1.97835435484865","1.34448050704109"
"lfpr_yoy_change24...113",2017-10-01,"OH","1.13731128366481","0.941538348293104"
"lfpr_yoy_change24...114",2017-10-01,"IL","0.622804588628556","1.02463990415867"
"lfpr_yoy_change24...115",2017-10-01,"MA","2.630592459214","-0.280371142743436"
"lfpr_yoy_change24...116",2017-10-01,"MI","1.24689351699183","0.2220798029943"
"lfpr_yoy_change24...117",2017-10-01,"MN","0.47748709919786","0.622019622804991"
"lfpr_yoy_change24...118",2017-10-01,"PA","1.31912820615303","2.51073071418772"
"lfpr_yoy_change24...119",2017-10-01,"TN","2.70862923369413","1.57548693403711"
"lfpr_yoy_change24...120",2017-10-01,"LA","2.14050553803093","1.17988878135282"
"lfpr_yoy_change24...121",2017-10-01,"IA","0.781235351470944","1.17588973556093"
"lfpr_yoy_change24...122",2017-10-01,"KS","0.259688720300999","0.814492295963427"
"lfpr_yoy_change24...123",2017-10-01,"SC","1.80278766562596","0.156569385104648"
"lfpr_yoy_change24...124",2017-10-01,"NM","0.369357598872022","0.507842722150135"
"lfpr_yoy_change24...125",2017-10-01,"UT","5.63305948195214","1.42624516773607"
"lfpr_yoy_change24...126",2017-10-01,"OR","4.49653203751026","2.65247289469949"
"lfpr_yoy_change24...127",2017-10-01,"WA","6.00876780404414","1.04416752232431"
"lfpr_yoy_change24...128",2017-10-01,"KY","1.04053467955054","2.69849244186089"
"lfpr_yoy_change24...129",2017-10-01,"WI","0.527014232295953","0.713737628845808"
"lfpr_yoy_change24...130",2017-10-01,"NJ","0.978647288069645","0.755211239661089"
"lfpr_yoy_change24...131",2017-10-01,"VA","1.49634403490195","1.11067732279835"
"lfpr_yoy_change24...132",2017-10-01,"MO","0.723575564000445","0.94710737534647"
"lfpr_yoy_change24...133",2017-10-01,"CT","2.00742534169487","2.07992130394385"
"lfpr_yoy_change24...134",2017-10-01,"IN","1.9598244042885","2.34873764668196"
"lfpr_yoy_change24...135",2017-10-01,"NV","2.89779215500352","1.38773398228805"
"lfpr_yoy_change24...136",2017-10-01,"DE","-3.83422646822075","1.77727736500145"
"lfpr_yoy_change24...137",2017-10-01,"AR","1.05456498974361","3.05152870497884"
"lfpr_yoy_change24...138",2017-10-01,"RI","-0.485929356393455","1.13130730691493"
"lfpr_yoy_change24...139",2017-10-01,"NE","0.767123383377433","-0.240684669208615"
"lfpr_yoy_change24...140",2017-10-01,"WV","2.57955368215803","1.46444970560565"
"lfpr_yoy_change24...141",2017-10-01,"OK","1.68006855800737","-1.59332096738979"
"lfpr_yoy_change24...142",2017-10-01,"MT","1.46811411975136","2.34968110512101"
"lfpr_yoy_change24...143",2017-10-01,"VT","0.318171785599075","2.14039295702677"
"lfpr_yoy_change24...144",2017-10-01,"WY","1.64796823610869","4.32464959863478"
"lfpr_yoy_change24...145",2017-10-01,"MS","-0.213160882657837","0.63610022827654"
"lfpr_yoy_change24...146",2017-10-01,"ND","3.46299963357515","1.37018731929071"
"lfpr_yoy_change24...147",2017-10-01,"ME","1.70990313699197","4.52382268219458"
"lfpr_yoy_change24...148",2017-10-01,"SD","-3.88829322062669","1.89459464573712"
"lfpr_yoy_change24...149",2017-10-01,"NH","1.05062704845109","0.134144757923838"
"lfpr_yoy_change24...150",2017-10-01,"MD","1.5966808634742","0.327331074753439"
"lfpr_yoy_change27...151",2018-01-01,"CA","5.0096722901362","2.01744276202271"
"lfpr_yoy_change27...152",2018-01-01,"TX","3.95226832267708","0.657274017911384"
"lfpr_yoy_change27...153",2018-01-01,"FL","3.3048438712314","3.9840160747441"
"lfpr_yoy_change27...154",2018-01-01,"NY","2.03746179909294","1.08629870859652"
"lfpr_yoy_change27...155",2018-01-01,"NC","1.22362868341712","4.70792136190239"
"lfpr_yoy_change27...156",2018-01-01,"AL","1.7438697926853","2.61455216700683"
"lfpr_yoy_change27...157",2018-01-01,"CO","4.38341183066746","1.68011471760035"
"lfpr_yoy_change27...158",2018-01-01,"AZ","4.55958968541859","-3.04552956197116"
"lfpr_yoy_change27...159",2018-01-01,"GA","2.48558327768171","2.55488114547638"
"lfpr_yoy_change27...160",2018-01-01,"ID","6.14824283866422","2.70261605736339"
"lfpr_yoy_change27...161",2018-01-01,"AK","-0.854765688743175","1.04042421599869"
"lfpr_yoy_change27...162",2018-01-01,"HI","1.19194472981696","3.11206900518682"
"lfpr_yoy_change27...163",2018-01-01,"OH","0.517866162556557","0.939430742189659"
"lfpr_yoy_change27...164",2018-01-01,"IL","2.63449368993076","1.48897123588572"
"lfpr_yoy_change27...165",2018-01-01,"MA","4.22862186228155","0.903580386868"
"lfpr_yoy_change27...166",2018-01-01,"MI","2.66831240655789","0.235398776223509"
"lfpr_yoy_change27...167",2018-01-01,"MN","1.22289919555625","1.01890085455593"
"lfpr_yoy_change27...168",2018-01-01,"PA","1.53587861304048","1.79023272798464"
"lfpr_yoy_change27...169",2018-01-01,"TN","1.64171944934948","1.62420600043169"
"lfpr_yoy_change27...170",2018-01-01,"LA","2.0332176634277","1.29043138569344"
"lfpr_yoy_change27...171",2018-01-01,"IA","1.61816360193621","2.10387825508387"
"lfpr_yoy_change27...172",2018-01-01,"KS","1.11221278613614","1.38469175778039"
"lfpr_yoy_change27...173",2018-01-01,"SC","1.70430993619686","0.898778240098012"
"lfpr_yoy_change27...174",2018-01-01,"NM","1.58559824507698","0.547375071873017"
"lfpr_yoy_change27...175",2018-01-01,"UT","7.24351977492976","0.76962156640106"
"lfpr_yoy_change27...176",2018-01-01,"OR","5.1523421358519","0.682073952174128"
"lfpr_yoy_change27...177",2018-01-01,"WA","7.41434073730114","0.886580272605751"
"lfpr_yoy_change27...178",2018-01-01,"KY","1.14529225091369","2.11848785146095"
"lfpr_yoy_change27...179",2018-01-01,"WI","2.37442291316221","0.556108187541331"
"lfpr_yoy_change27...180",2018-01-01,"NJ","2.49573774380818","0.92379416243941"
"lfpr_yoy_change27...181",2018-01-01,"VA","2.43506069351369","1.6227346058272"
"lfpr_yoy_change27...182",2018-01-01,"MO","0.937180120400005","2.1716134454498"
"lfpr_yoy_change27...183",2018-01-01,"CT","2.1392601598633","1.68984718763655"
"lfpr_yoy_change27...184",2018-01-01,"IN","3.89454584744466","2.14546563158539"
"lfpr_yoy_change27...185",2018-01-01,"NV","3.61644547372986","1.03232307266709"
"lfpr_yoy_change27...186",2018-01-01,"DE","-2.07960266791238","1.70558291622028"
"lfpr_yoy_change27...187",2018-01-01,"AR","1.99943294784974","3.42882641930869"
"lfpr_yoy_change27...188",2018-01-01,"RI","0.444982426349383","1.20044650406814"
"lfpr_yoy_change27...189",2018-01-01,"NE","3.52096096691454","-0.173162219830081"
"lfpr_yoy_change27...190",2018-01-01,"WV","0.67998781193479","1.31412627909322"
"lfpr_yoy_change27...191",2018-01-01,"OK","1.58563418343429","-2.27597911940737"
"lfpr_yoy_change27...192",2018-01-01,"MT","2.23619509674706","2.40918060469194"
"lfpr_yoy_change27...193",2018-01-01,"VT","0.542369659881947","2.72769387824674"
"lfpr_yoy_change27...194",2018-01-01,"WY","2.02058526740667","4.78979377952572"
"lfpr_yoy_change27...195",2018-01-01,"MS","-1.09672199475324","1.07516235419439"
"lfpr_yoy_change27...196",2018-01-01,"ND","4.0063268668296","0.8685775949647"
"lfpr_yoy_change27...197",2018-01-01,"ME","2.62291757103921","4.856286896624"
"lfpr_yoy_change27...198",2018-01-01,"SD","-0.0866453112295273","1.74452090325475"
"lfpr_yoy_change27...199",2018-01-01,"NH","2.4960875518943","0.280492593660525"
"lfpr_yoy_change27...200",2018-01-01,"MD","0.944350721732157","2.06821350101126"
"lfpr_yoy_change30...201",2018-04-01,"CA","4.73752958633615","2.34968721306179"
"lfpr_yoy_change30...202",2018-04-01,"TX","4.5545509647041","-0.535259641453036"
"lfpr_yoy_change30...203",2018-04-01,"FL","3.20464708544308","4.28366655911397"
"lfpr_yoy_change30...204",2018-04-01,"NY","3.77662548528543","2.34257615603477"
"lfpr_yoy_change30...205",2018-04-01,"NC","1.93211801951052","4.66386741549722"
"lfpr_yoy_change30...206",2018-04-01,"AL","1.99688224433563","3.9383932661741"
"lfpr_yoy_change30...207",2018-04-01,"CO","4.35105123166295","2.32699589030629"
"lfpr_yoy_change30...208",2018-04-01,"AZ","4.18726531502303","-1.93454664587733"
"lfpr_yoy_change30...209",2018-04-01,"GA","3.12551164683761","2.90245495398542"
"lfpr_yoy_change30...210",2018-04-01,"ID","5.59606442482647","2.55824460014029"
"lfpr_yoy_change30...211",2018-04-01,"AK","-1.7785560961913","1.32114575415939"
"lfpr_yoy_change30...212",2018-04-01,"HI","1.78594803428798","5.36093061919018"
"lfpr_yoy_change30...213",2018-04-01,"OH","0.321351634044187","2.82941813871946"
"lfpr_yoy_change30...214",2018-04-01,"IL","2.63062059481749","3.59773559516564"
"lfpr_yoy_change30...215",2018-04-01,"MA","4.46429185560211","2.17405671720238"
"lfpr_yoy_change30...216",2018-04-01,"MI","2.43555222132448","2.0781448160752"
"lfpr_yoy_change30...217",2018-04-01,"MN","2.7902074022579","1.90758354512352"
"lfpr_yoy_change30...218",2018-04-01,"PA","1.48607648836379","2.61357272246563"
"lfpr_yoy_change30...219",2018-04-01,"TN","1.67844940395374","2.4351302532594"
"lfpr_yoy_change30...220",2018-04-01,"LA","1.94107258959169","1.80382896860431"
"lfpr_yoy_change30...221",2018-04-01,"IA","1.78154434420623","3.86970252205669"
"lfpr_yoy_change30...222",2018-04-01,"KS","2.0453997677425","2.69761401004434"
"lfpr_yoy_change30...223",2018-04-01,"SC","2.3050515686325","1.48780393328142"
"lfpr_yoy_change30...224",2018-04-01,"NM","2.28693343426392","0.263237566067214"
"lfpr_yoy_change30...225",2018-04-01,"UT","7.51857699437586","1.83263163504806"
"lfpr_yoy_change30...226",2018-04-01,"OR","4.58052684179142","1.36051763472331"
"lfpr_yoy_change30...227",2018-04-01,"WA","7.5048615265477","3.26231451327415"
"lfpr_yoy_change30...228",2018-04-01,"KY","1.47116055286702","3.70017706269222"
"lfpr_yoy_change30...229",2018-04-01,"WI","2.5127216486388","2.4509629927436"
"lfpr_yoy_change30...230",2018-04-01,"NJ","2.08978019665145","2.59148474189796"
"lfpr_yoy_change30...231",2018-04-01,"VA","2.4450174433938","1.86449942924348"
"lfpr_yoy_change30...232",2018-04-01,"MO","1.3866569497248","2.49940021095284"
"lfpr_yoy_change30...233",2018-04-01,"CT","-0.197584041935672","1.89971340554726"
"lfpr_yoy_change30...234",2018-04-01,"IN","3.8054340911353","2.59290608930505"
"lfpr_yoy_change30...235",2018-04-01,"NV","3.28619166347677","1.62536651838796"
"lfpr_yoy_change30...236",2018-04-01,"DE","1.89275292928042","2.16394623205512"
"lfpr_yoy_change30...237",2018-04-01,"AR","1.66439357940276","4.5081123065597"
"lfpr_yoy_change30...238",2018-04-01,"RI","0.181051813944988","2.15823687573061"
"lfpr_yoy_change30...239",2018-04-01,"NE","2.0105864641613","0.886896597507719"
"lfpr_yoy_change30...240",2018-04-01,"WV","2.77765669490631","1.92695581713291"
"lfpr_yoy_change30...241",2018-04-01,"OK","0.910035440459622","0.769792721448434"
"lfpr_yoy_change30...242",2018-04-01,"MT","0.896403580427796","2.08917349039304"
"lfpr_yoy_change30...243",2018-04-01,"VT","1.05361216600768","3.36080950685793"
"lfpr_yoy_change30...244",2018-04-01,"WY","0.728370466204731","6.35102154196667"
"lfpr_yoy_change30...245",2018-04-01,"MS","0.422464913427367","1.20094115907369"
"lfpr_yoy_change30...246",2018-04-01,"ND","2.52980283012294","2.50602791307613"
"lfpr_yoy_change30...247",2018-04-01,"ME","3.67781268901579","6.670878233546"
"lfpr_yoy_change30...248",2018-04-01,"SD","0.247484486128058","0.9248491026732"
"lfpr_yoy_change30...249",2018-04-01,"NH","2.8352121568312","2.48148141752904"
"lfpr_yoy_change30...250",2018-04-01,"MD","1.07773055885758","1.92052416427327"
"lfpr_yoy_change33...251",2018-07-01,"CA","4.10443359776593","2.03290798424094"
"lfpr_yoy_change33...252",2018-07-01,"TX","4.28266870106115","-0.334191963802713"
"lfpr_yoy_change33...253",2018-07-01,"FL","3.70243958951595","3.4521711731017"
"lfpr_yoy_change33...254",2018-07-01,"NY","3.93957647465961","1.64014938372586"
"lfpr_yoy_change33...255",2018-07-01,"NC","1.3298487184773","4.28531321277922"
"lfpr_yoy_change33...256",2018-07-01,"AL","1.77945744765726","3.83121291097455"
"lfpr_yoy_change33...257",2018-07-01,"CO","3.519410527889","1.10677141265634"
"lfpr_yoy_change33...258",2018-07-01,"AZ","3.15195552791827","0.221119468544908"
"lfpr_yoy_change33...259",2018-07-01,"GA","3.43431295429768","3.41364719759501"
"lfpr_yoy_change33...260",2018-07-01,"ID","5.86642894773657","2.73425078573261"
"lfpr_yoy_change33...261",2018-07-01,"AK","-2.78468024195241","1.5394227194591"
"lfpr_yoy_change33...262",2018-07-01,"HI","0.971344210167691","4.77648919222774"
"lfpr_yoy_change33...263",2018-07-01,"OH","0.753967634175057","2.48794676916884"
"lfpr_yoy_change33...264",2018-07-01,"IL","2.61403408173699","3.38096340657521"
"lfpr_yoy_change33...265",2018-07-01,"MA","3.8099164864525","2.80518000740533"
"lfpr_yoy_change33...266",2018-07-01,"MI","2.19099612366427","2.57077614761944"
"lfpr_yoy_change33...267",2018-07-01,"MN","4.24837405324812","1.6877072449254"
"lfpr_yoy_change33...268",2018-07-01,"PA","1.12236287161391","2.26808109520248"
"lfpr_yoy_change33...269",2018-07-01,"TN","1.93601313579896","2.81194492975998"
"lfpr_yoy_change33...270",2018-07-01,"LA","1.49540817852762","1.90003683143682"
"lfpr_yoy_change33...271",2018-07-01,"IA","2.15135782371816","4.08948147832817"
"lfpr_yoy_change33...272",2018-07-01,"KS","2.89751044182707","2.50895865458784"
"lfpr_yoy_change33...273",2018-07-01,"SC","2.54544556411775","2.59796215621707"
"lfpr_yoy_change33...274",2018-07-01,"NM","2.13523769415833","0.693479203955215"
"lfpr_yoy_change33...275",2018-07-01,"UT","6.24258328799565","1.8707295290702"
"lfpr_yoy_change33...276",2018-07-01,"OR","4.92880055916451","1.12090590006055"
"lfpr_yoy_change33...277",2018-07-01,"WA","7.44764948453607","1.92342817431999"
"lfpr_yoy_change33...278",2018-07-01,"KY","1.0392336766289","3.50551975542833"
"lfpr_yoy_change33...279",2018-07-01,"WI","2.25836451194095","2.30029159267632"
"lfpr_yoy_change33...280",2018-07-01,"NJ","2.115483671291","2.22137820050771"
"lfpr_yoy_change33...281",2018-07-01,"VA","2.48158296035341","2.47142951805663"
"lfpr_yoy_change33...282",2018-07-01,"MO","1.44550267332373","3.07386488749466"
"lfpr_yoy_change33...283",2018-07-01,"CT","0.971603582519109","2.56201883140164"
"lfpr_yoy_change33...284",2018-07-01,"IN","3.84025059791842","2.65649040022073"
"lfpr_yoy_change33...285",2018-07-01,"NV","2.40489227533682","1.70259429902675"
"lfpr_yoy_change33...286",2018-07-01,"DE","3.46981309220207","1.19392270693828"
"lfpr_yoy_change33...287",2018-07-01,"AR","2.08721184097584","3.97316662518733"
"lfpr_yoy_change33...288",2018-07-01,"RI","-1.55119235687957","1.92974249256049"
"lfpr_yoy_change33...289",2018-07-01,"NE","2.01911276073308","0.281584154799522"
"lfpr_yoy_change33...290",2018-07-01,"WV","3.34009399653108","2.68736287091905"
"lfpr_yoy_change33...291",2018-07-01,"OK","1.59598057710599","1.26632832432342"
"lfpr_yoy_change33...292",2018-07-01,"MT","0.743862053709887","2.44731842732455"
"lfpr_yoy_change33...293",2018-07-01,"VT","0.0859763734218033","3.64557189577347"
"lfpr_yoy_change33...294",2018-07-01,"WY","1.51603529602906","6.35487973583648"
"lfpr_yoy_change33...295",2018-07-01,"MS","-0.104292844005438","1.72733398896491"
"lfpr_yoy_change33...296",2018-07-01,"ND","3.52049722732621","2.14937482782105"
"lfpr_yoy_change33...297",2018-07-01,"ME","3.31082406541767","6.72736215746486"
"lfpr_yoy_change33...298",2018-07-01,"SD","1.81363352095059","2.55523851483273"
"lfpr_yoy_change33...299",2018-07-01,"NH","1.471657415431","2.76096023015707"
"lfpr_yoy_change33...300",2018-07-01,"MD","0.433451639107418","1.36078596328779"
"lfpr_yoy_change36...301",2018-10-01,"CA","2.88665411317026","2.37348598011115"
"lfpr_yoy_change36...302",2018-10-01,"TX","3.81123625606012","-0.661535620723069"
"lfpr_yoy_change36...303",2018-10-01,"FL","2.4812472546474","3.28522045427701"
"lfpr_yoy_change36...304",2018-10-01,"NY","1.3477715346498","1.96694756446637"
"lfpr_yoy_change36...305",2018-10-01,"NC","0.647773279352215","3.83447855441779"
"lfpr_yoy_change36...306",2018-10-01,"AL","1.38346609933879","3.45360583160117"
"lfpr_yoy_change36...307",2018-10-01,"CO","3.31384862774071","2.03931992938175"
"lfpr_yoy_change36...308",2018-10-01,"AZ","2.91953585917446","1.9613634880947"
"lfpr_yoy_change36...309",2018-10-01,"GA","2.26369235553814","3.02276876189852"
"lfpr_yoy_change36...310",2018-10-01,"ID","5.79610932977654","2.85147827885702"
"lfpr_yoy_change36...311",2018-10-01,"AK","-1.58198224147387","0.816836992634918"
"lfpr_yoy_change36...312",2018-10-01,"HI","0.60529634300126","4.96039025955977"
"lfpr_yoy_change36...313",2018-10-01,"OH","1.2951334115898","2.28949791175074"
"lfpr_yoy_change36...314",2018-10-01,"IL","2.04197798223755","3.53879942482538"
"lfpr_yoy_change36...315",2018-10-01,"MA","3.03855114966194","2.71690027432097"
"lfpr_yoy_change36...316",2018-10-01,"MI","0.54186265531555","2.63222986935824"
"lfpr_yoy_change36...317",2018-10-01,"MN","3.24672973904536","1.83379070903939"
"lfpr_yoy_change36...318",2018-10-01,"PA","1.13418380801218","1.4971312835414"
"lfpr_yoy_change36...319",2018-10-01,"TN","0.49895851621613","2.91263881971203"
"lfpr_yoy_change36...320",2018-10-01,"LA","1.29950590168246","1.82624389621951"
"lfpr_yoy_change36...321",2018-10-01,"IA","0.68442298177489","3.24143296821623"
"lfpr_yoy_change36...322",2018-10-01,"KS","2.22616767000172","2.58395269015364"
"lfpr_yoy_change36...323",2018-10-01,"SC","2.50521029577995","3.08775608633968"
"lfpr_yoy_change36...324",2018-10-01,"NM","2.84843060178095","0.212567708595472"
"lfpr_yoy_change36...325",2018-10-01,"UT","4.5817251956598","1.70630943099059"
"lfpr_yoy_change36...326",2018-10-01,"OR","3.61901462123522","1.51053442236776"
"lfpr_yoy_change36...327",2018-10-01,"WA","5.09889601673004","2.18436459748523"
"lfpr_yoy_change36...328",2018-10-01,"KY","0.665145906585241","2.99757829221477"
"lfpr_yoy_change36...329",2018-10-01,"WI","2.63774930051546","1.79050820071011"
"lfpr_yoy_change36...330",2018-10-01,"NJ","2.58640634920517","1.89436476949127"
"lfpr_yoy_change36...331",2018-10-01,"VA","1.67831003917687","1.79066977901223"
"lfpr_yoy_change36...332",2018-10-01,"MO","0.905503982176015","2.93830822122793"
"lfpr_yoy_change36...333",2018-10-01,"CT","0.410586417085868","1.79192872904113"
"lfpr_yoy_change36...334",2018-10-01,"IN","2.42366411055328","3.70761471433902"
"lfpr_yoy_change36...335",2018-10-01,"NV","4.34425713237268","0.952842269331608"
"lfpr_yoy_change36...336",2018-10-01,"DE","3.89756125215512","1.18471163204096"
"lfpr_yoy_change36...337",2018-10-01,"AR","1.40307221132221","4.65769357134109"
"lfpr_yoy_change36...338",2018-10-01,"RI","-0.10838526794088","1.48961854250787"
"lfpr_yoy_change36...339",2018-10-01,"NE","1.75050115223847","-0.348466851249485"
"lfpr_yoy_change36...340",2018-10-01,"WV","2.97605653291442","3.14122892325561"
"lfpr_yoy_change36...341",2018-10-01,"OK","2.99181404791449","2.58139339447629"
"lfpr_yoy_change36...342",2018-10-01,"MT","1.44032742250768","2.46202826569833"
"lfpr_yoy_change36...343",2018-10-01,"VT","-0.165181835413897","3.39851441072658"
"lfpr_yoy_change36...344",2018-10-01,"WY","1.69894710513783","5.337600733354"
"lfpr_yoy_change36...345",2018-10-01,"MS","-0.686164218341712","0.531612208307133"
"lfpr_yoy_change36...346",2018-10-01,"ND","2.71253745749618","2.05770674578428"
"lfpr_yoy_change36...347",2018-10-01,"ME","1.95132727071905","6.50358652385922"
"lfpr_yoy_change36...348",2018-10-01,"SD","2.68432219020303","2.70823336307276"
"lfpr_yoy_change36...349",2018-10-01,"NH","1.11201916226904","1.66860473308003"
"lfpr_yoy_change36...350",2018-10-01,"MD","-0.502598814835553","0.720687294915381"
"lfpr_yoy_change39...351",2019-01-01,"CA","3.04956422971008","0.481291804701888"
"lfpr_yoy_change39...352",2019-01-01,"TX","2.85938373798622","-0.551361343070969"
"lfpr_yoy_change39...353",2019-01-01,"FL","2.3803829452075","2.42248359813384"
"lfpr_yoy_change39...354",2019-01-01,"NY","2.86705736344772","1.36062460479837"
"lfpr_yoy_change39...355",2019-01-01,"NC","1.63426548405625","2.73101410219465"
"lfpr_yoy_change39...356",2019-01-01,"AL","1.17894646208434","2.59937157718872"
"lfpr_yoy_change39...357",2019-01-01,"CO","3.36438414995477","1.28070985567332"
"lfpr_yoy_change39...358",2019-01-01,"AZ","2.47172999991045","2.77249229205592"
"lfpr_yoy_change39...359",2019-01-01,"GA","3.42073680012642","2.41133414185641"
"lfpr_yoy_change39...360",2019-01-01,"ID","4.52877900033324","2.04532242188152"
"lfpr_yoy_change39...361",2019-01-01,"AK","-0.842727556034106","1.48118624120242"
"lfpr_yoy_change39...362",2019-01-01,"HI","-0.710542140634007","4.1730610699959"
"lfpr_yoy_change39...363",2019-01-01,"OH","2.20185985950856","1.70858349745081"
"lfpr_yoy_change39...364",2019-01-01,"IL","0.985991619416549","1.92195115470868"
"lfpr_yoy_change39...365",2019-01-01,"MA","2.80262107844342","1.21776784220185"
"lfpr_yoy_change39...366",2019-01-01,"MI","-0.442866625813709","1.99017393616054"
"lfpr_yoy_change39...367",2019-01-01,"MN","1.35657663366575","1.06349597992251"
"lfpr_yoy_change39...368",2019-01-01,"PA","1.31193073222924","1.00706377113518"
"lfpr_yoy_change39...369",2019-01-01,"TN","2.15498145344895","1.72793167540599"
"lfpr_yoy_change39...370",2019-01-01,"LA","0.378380317807392","0.987456995344842"
"lfpr_yoy_change39...371",2019-01-01,"IA","-1.60965574090344","3.16025144115062"
"lfpr_yoy_change39...372",2019-01-01,"KS","0.94916591631482","1.07784466880256"
"lfpr_yoy_change39...373",2019-01-01,"SC","2.91872907628263","1.90154355533773"
"lfpr_yoy_change39...374",2019-01-01,"NM","3.04252778216381","-0.770585250010128"
"lfpr_yoy_change39...375",2019-01-01,"UT","5.61088593293988","0.730214167275627"
"lfpr_yoy_change39...376",2019-01-01,"OR","2.48478637311376","1.0551346161753"
"lfpr_yoy_change39...377",2019-01-01,"WA","4.14014051522247","1.4349976924128"
"lfpr_yoy_change39...378",2019-01-01,"KY","2.1304967443077","3.75600405225059"
"lfpr_yoy_change39...379",2019-01-01,"WI","1.30738268916786","1.78476907413985"
"lfpr_yoy_change39...380",2019-01-01,"NJ","1.65906721690579","1.95564105086411"
"lfpr_yoy_change39...381",2019-01-01,"VA","2.1295267278044","1.30505122833429"
"lfpr_yoy_change39...382",2019-01-01,"MO","2.23473116316013","1.0124326244081"
"lfpr_yoy_change39...383",2019-01-01,"CT","1.1332863091164","0.863813304321977"
"lfpr_yoy_change39...384",2019-01-01,"IN","0.334434267872563","2.28385815992556"
"lfpr_yoy_change39...385",2019-01-01,"NV","3.8203878711333","1.07369615862506"
"lfpr_yoy_change39...386",2019-01-01,"DE","4.84685045826425","2.67311661906185"
"lfpr_yoy_change39...387",2019-01-01,"AR","0.872525995663342","3.74694176356689"
"lfpr_yoy_change39...388",2019-01-01,"RI","1.7674753316872","1.27810699301442"
"lfpr_yoy_change39...389",2019-01-01,"NE","-0.131065520790929","0.00859977626137158"
"lfpr_yoy_change39...390",2019-01-01,"WV","0.493808992960076","1.82811347785426"
"lfpr_yoy_change39...391",2019-01-01,"OK","2.25625524012245","2.10863632009812"
"lfpr_yoy_change39...392",2019-01-01,"MT","-0.0411159555605001","0.895786335605995"
"lfpr_yoy_change39...393",2019-01-01,"VT","0.960736722355193","3.22994808873394"
"lfpr_yoy_change39...394",2019-01-01,"WY","0.338930299049944","4.35894510219198"
"lfpr_yoy_change39...395",2019-01-01,"MS","-0.837587209417623","0.483265840085254"
"lfpr_yoy_change39...396",2019-01-01,"ND","1.43571867210923","1.58087479307634"
"lfpr_yoy_change39...397",2019-01-01,"ME","2.07930627380479","4.86915349281009"
"lfpr_yoy_change39...398",2019-01-01,"SD","-0.964177618861484","3.23554223347527"
"lfpr_yoy_change39...399",2019-01-01,"NH","2.26896191579433","1.83277405575482"
"lfpr_yoy_change39...400",2019-01-01,"MD","-0.538439710589678","1.63707817916281"
"lfpr_yoy_change42...401",2019-04-01,"CA","3.23508807263988","1.29134098834073"
"lfpr_yoy_change42...402",2019-04-01,"TX","2.1862997042339","-0.259509713839739"
"lfpr_yoy_change42...403",2019-04-01,"FL","2.61178903896946","2.14334017078338"
"lfpr_yoy_change42...404",2019-04-01,"NY","3.08626499299134","1.00750840427373"
"lfpr_yoy_change42...405",2019-04-01,"NC","1.59311480684474","2.43263287047806"
"lfpr_yoy_change42...406",2019-04-01,"AL","1.38336662513103","2.52968410984643"
"lfpr_yoy_change42...407",2019-04-01,"CO","4.26579598323722","1.03668762450929"
"lfpr_yoy_change42...408",2019-04-01,"AZ","3.06187790200727","2.89370552882166"
"lfpr_yoy_change42...409",2019-04-01,"GA","3.85686469229951","1.44292059122471"
"lfpr_yoy_change42...410",2019-04-01,"ID","4.7011656122407","2.45120368698895"
"lfpr_yoy_change42...411",2019-04-01,"AK","-0.185251358823424","-0.921023583721895"
"lfpr_yoy_change42...412",2019-04-01,"HI","-1.45208373391533","4.11539487533293"
"lfpr_yoy_change42...413",2019-04-01,"OH","2.60060585720163","0.936657989955536"
"lfpr_yoy_change42...414",2019-04-01,"IL","0.58985410942558","0.312543857329301"
"lfpr_yoy_change42...415",2019-04-01,"MA","2.306291487518","-0.663887014889439"
"lfpr_yoy_change42...416",2019-04-01,"MI","-0.474819403054272","0.617313018794711"
"lfpr_yoy_change42...417",2019-04-01,"MN","0.914062265324311","1.8141755757353"
"lfpr_yoy_change42...418",2019-04-01,"PA","1.62639072315256","0.0737611301843799"
"lfpr_yoy_change42...419",2019-04-01,"TN","2.22765505705456","1.40885290191885"
"lfpr_yoy_change42...420",2019-04-01,"LA","-0.334850982051327","0.0246099009592145"
"lfpr_yoy_change42...421",2019-04-01,"IA","-1.345441657222","2.59300455326808"
"lfpr_yoy_change42...422",2019-04-01,"KS","1.11041292355687","0.0764639673318682"
"lfpr_yoy_change42...423",2019-04-01,"SC","2.27193033791662","1.19665998438803"
"lfpr_yoy_change42...424",2019-04-01,"NM","3.71547099745495","-0.731572333490193"
"lfpr_yoy_change42...425",2019-04-01,"UT","3.39148047830302","2.11361750059311"
"lfpr_yoy_change42...426",2019-04-01,"OR","2.06113136765589","0.476424268102484"
"lfpr_yoy_change42...427",2019-04-01,"WA","3.14365549931208","0.491601435275667"
"lfpr_yoy_change42...428",2019-04-01,"KY","2.1892222821309","2.80060083128942"
"lfpr_yoy_change42...429",2019-04-01,"WI","2.02911513068857","2.22936137008188"
"lfpr_yoy_change42...430",2019-04-01,"NJ","1.86362634571822","1.66007924885712"
"lfpr_yoy_change42...431",2019-04-01,"VA","1.8425596885902","1.85096942008928"
"lfpr_yoy_change42...432",2019-04-01,"MO","1.6661986957651","1.7271378171852"
"lfpr_yoy_change42...433",2019-04-01,"CT","1.92406144035875","1.41174745079671"
"lfpr_yoy_change42...434",2019-04-01,"IN","0.400814015745499","1.54553721068645"
"lfpr_yoy_change42...435",2019-04-01,"NV","4.11096665110771","2.14188546690698"
"lfpr_yoy_change42...436",2019-04-01,"DE","4.94547653198869","1.40425580320735"
"lfpr_yoy_change42...437",2019-04-01,"AR","0.927706852265842","2.45171569745326"
"lfpr_yoy_change42...438",2019-04-01,"RI","1.45947949032239","1.17064085804009"
"lfpr_yoy_change42...439",2019-04-01,"NE","1.00219692567927","1.2962060747304"
"lfpr_yoy_change42...440",2019-04-01,"WV","-0.693911446939444","2.37972132994063"
"lfpr_yoy_change42...441",2019-04-01,"OK","1.70323901303502","0.400847010677906"
"lfpr_yoy_change42...442",2019-04-01,"MT","-0.319135720497077","1.49828857807571"
"lfpr_yoy_change42...443",2019-04-01,"VT","-0.00100931938229464","2.23901907455305"
"lfpr_yoy_change42...444",2019-04-01,"WY","0.0606745114519747","5.31742136038221"
"lfpr_yoy_change42...445",2019-04-01,"MS","-1.17478950825103","0.892262806735161"
"lfpr_yoy_change42...446",2019-04-01,"ND","0.949543646819828","1.62008948653891"
"lfpr_yoy_change42...447",2019-04-01,"ME","1.57843471317303","4.38753299494286"
"lfpr_yoy_change42...448",2019-04-01,"SD","0.119001254922324","0.896804584533752"
"lfpr_yoy_change42...449",2019-04-01,"NH","1.7218265549811","1.43307215657792"
"lfpr_yoy_change42...450",2019-04-01,"MD","-0.0781776812353141","0.688486589141908"
"lfpr_yoy_change45...451",2019-07-01,"CA","2.935731027777","1.71417720148262"
"lfpr_yoy_change45...452",2019-07-01,"TX","3.34856222250846","0.460763803093884"
"lfpr_yoy_change45...453",2019-07-01,"FL","2.23750208672961","3.13236087225429"
"lfpr_yoy_change45...454",2019-07-01,"NY","2.43412922056059","1.11843312285979"
"lfpr_yoy_change45...455",2019-07-01,"NC","2.63186524594894","2.99511273522514"
"lfpr_yoy_change45...456",2019-07-01,"AL","1.96828142100514","3.68033132170183"
"lfpr_yoy_change45...457",2019-07-01,"CO","5.79604472857027","2.20898176319777"
"lfpr_yoy_change45...458",2019-07-01,"AZ","3.62401920219741","3.96598610695705"
"lfpr_yoy_change45...459",2019-07-01,"GA","3.45003346082684","2.37628740926627"
"lfpr_yoy_change45...460",2019-07-01,"ID","4.96428676860272","3.32752210272746"
"lfpr_yoy_change45...461",2019-07-01,"AK","1.30526481851185","-0.474500286711422"
"lfpr_yoy_change45...462",2019-07-01,"HI","-0.65270529662288","4.20524805000699"
"lfpr_yoy_change45...463",2019-07-01,"OH","2.80552888097383","1.12475014135961"
"lfpr_yoy_change45...464",2019-07-01,"IL","0.616786456482887","0.962312247897515"
"lfpr_yoy_change45...465",2019-07-01,"MA","2.4299188286091","-0.855588231980287"
"lfpr_yoy_change45...466",2019-07-01,"MI","0.365979299877206","1.0744592802196"
"lfpr_yoy_change45...467",2019-07-01,"MN","0.998912615722647","1.85322479854705"
"lfpr_yoy_change45...468",2019-07-01,"PA","1.69826796171471","0.151014578455459"
"lfpr_yoy_change45...469",2019-07-01,"TN","2.52609230335865","1.5549876620658"
"lfpr_yoy_change45...470",2019-07-01,"LA","0.0284207773987966","0.491932704055636"
"lfpr_yoy_change45...471",2019-07-01,"IA","0.925012766638522","2.22798763280838"
"lfpr_yoy_change45...472",2019-07-01,"KS","0.352857930263006","0.103939906393445"
"lfpr_yoy_change45...473",2019-07-01,"SC","3.21046470738418","1.22600607285339"
"lfpr_yoy_change45...474",2019-07-01,"NM","5.37980374868954","-0.997106014791968"
"lfpr_yoy_change45...475",2019-07-01,"UT","4.38495289722576","1.61165587848123"
"lfpr_yoy_change45...476",2019-07-01,"OR","1.70046328397151","0.401347010589207"
"lfpr_yoy_change45...477",2019-07-01,"WA","2.66141593575853","1.17897761527016"
"lfpr_yoy_change45...478",2019-07-01,"KY","2.94687146115444","3.88420577912624"
"lfpr_yoy_change45...479",2019-07-01,"WI","1.3105794490017","1.81120446834197"
"lfpr_yoy_change45...480",2019-07-01,"NJ","2.06012226874637","2.07022597895494"
"lfpr_yoy_change45...481",2019-07-01,"VA","2.62084390307202","2.9360364086844"
"lfpr_yoy_change45...482",2019-07-01,"MO","2.36002839584821","2.40846774598332"
"lfpr_yoy_change45...483",2019-07-01,"CT","0.2531472031857","1.58947679921449"
"lfpr_yoy_change45...484",2019-07-01,"IN","0.512868238743369","1.39912144042616"
"lfpr_yoy_change45...485",2019-07-01,"NV","4.85674160850571","2.23295582564857"
"lfpr_yoy_change45...486",2019-07-01,"DE","3.72976086285008","1.15311277340516"
"lfpr_yoy_change45...487",2019-07-01,"AR","1.10148764085944","2.28799179877083"
"lfpr_yoy_change45...488",2019-07-01,"RI","1.78080202952595","1.5340971014374"
"lfpr_yoy_change45...489",2019-07-01,"NE","2.46825062897673","1.77856666935419"
"lfpr_yoy_change45...490",2019-07-01,"WV","-1.17393228740157","2.2103674526371"
"lfpr_yoy_change45...491",2019-07-01,"OK","2.63145116256487","0.328502783028054"
"lfpr_yoy_change45...492",2019-07-01,"MT","1.54584026676026","2.03331378431173"
"lfpr_yoy_change45...493",2019-07-01,"VT","1.52764437710529","2.15317238318203"
"lfpr_yoy_change45...494",2019-07-01,"WY","1.60122787915362","3.65751035578273"
"lfpr_yoy_change45...495",2019-07-01,"MS","0.36773599946065","0.0808013278344361"
"lfpr_yoy_change45...496",2019-07-01,"ND","0.352329952478891","1.83670709504555"
"lfpr_yoy_change45...497",2019-07-01,"ME","2.28182867895479","3.43901700204319"
"lfpr_yoy_change45...498",2019-07-01,"SD","1.33123680658891","0.144845017361639"
"lfpr_yoy_change45...499",2019-07-01,"NH","1.46776353447717","1.9244642727971"
"lfpr_yoy_change45...500",2019-07-01,"MD","0.246609927745967","0.589776289965588"
"lfpr_yoy_change48...501",2019-10-01,"CA","3.65786268033452","1.88851660333562"
"lfpr_yoy_change48...502",2019-10-01,"TX","3.50848315145906","1.35262572662564"
"lfpr_yoy_change48...503",2019-10-01,"FL","2.98311747156084","3.16887200182516"
"lfpr_yoy_change48...504",2019-10-01,"NY","3.25889111008164","1.02479341951126"
"lfpr_yoy_change48...505",2019-10-01,"NC","3.12213962246839","2.4160849995678"
"lfpr_yoy_change48...506",2019-10-01,"AL","1.57691627469798","4.70377441645033"
"lfpr_yoy_change48...507",2019-10-01,"CO","4.8820530196686","0.673273157236889"
"lfpr_yoy_change48...508",2019-10-01,"AZ","4.25401927334528","2.66242622875393"
"lfpr_yoy_change48...509",2019-10-01,"GA","3.20878447654165","1.87338726800412"
"lfpr_yoy_change48...510",2019-10-01,"ID","4.4644236241663","2.68158901925442"
"lfpr_yoy_change48...511",2019-10-01,"AK","0.52980033056238","-0.176580678619263"
"lfpr_yoy_change48...512",2019-10-01,"HI","-0.347956881423928","4.43039102228323"
"lfpr_yoy_change48...513",2019-10-01,"OH","2.64095660963013","0.938560119891257"
"lfpr_yoy_change48...514",2019-10-01,"IL","0.0414587754472562","0.534786181084826"
"lfpr_yoy_change48...515",2019-10-01,"MA","2.53659373170017","0.805904764782851"
"lfpr_yoy_change48...516",2019-10-01,"MI","1.02753595481377","0.695471735554247"
"lfpr_yoy_change48...517",2019-10-01,"MN","1.0851991854671","2.60125559980727"
"lfpr_yoy_change48...518",2019-10-01,"PA","1.62967269742467","0.0715747263694299"
"lfpr_yoy_change48...519",2019-10-01,"TN","2.52769791853136","1.68685838494336"
"lfpr_yoy_change48...520",2019-10-01,"LA","-0.498803150628513","0.444543356829518"
"lfpr_yoy_change48...521",2019-10-01,"IA","2.43740331373672","2.22775660255415"
"lfpr_yoy_change48...522",2019-10-01,"KS","0.346543028100621","0.541953499629062"
"lfpr_yoy_change48...523",2019-10-01,"SC","3.44482813909688","0.86192785230686"
"lfpr_yoy_change48...524",2019-10-01,"NM","5.27113781377506","0.226134903027861"
"lfpr_yoy_change48...525",2019-10-01,"UT","4.6497558809143","2.21930168789189"
"lfpr_yoy_change48...526",2019-10-01,"OR","2.47829665407613","1.61928015936204"
"lfpr_yoy_change48...527",2019-10-01,"WA","4.14041826529088","2.09306251341169"
"lfpr_yoy_change48...528",2019-10-01,"KY","3.46531401825991","3.9697357167157"
"lfpr_yoy_change48...529",2019-10-01,"WI","1.51656502006925","0.991482170737999"
"lfpr_yoy_change48...530",2019-10-01,"NJ","1.39245670589649","1.82612458592214"
"lfpr_yoy_change48...531",2019-10-01,"VA","2.84512564961559","4.02243331751621"
"lfpr_yoy_change48...532",2019-10-01,"MO","2.28525684330938","2.33493059079821"
"lfpr_yoy_change48...533",2019-10-01,"CT","0.708572846780786","2.39910285541807"
"lfpr_yoy_change48...534",2019-10-01,"IN","0.623788411539739","0.837141337121583"
"lfpr_yoy_change48...535",2019-10-01,"NV","4.51539545140505","2.74092173314816"
"lfpr_yoy_change48...536",2019-10-01,"DE","4.20343792177613","2.11164849759191"
"lfpr_yoy_change48...537",2019-10-01,"AR","1.37842450326524","1.96435741582663"
"lfpr_yoy_change48...538",2019-10-01,"RI","1.52511025750461","1.57621773444991"
"lfpr_yoy_change48...539",2019-10-01,"NE","2.85850810748194","1.60335736754941"
"lfpr_yoy_change48...540",2019-10-01,"WV","-1.53277142120336","2.58951869967651"
"lfpr_yoy_change48...541",2019-10-01,"OK","0.937262526374871","1.69607127821507"
"lfpr_yoy_change48...542",2019-10-01,"MT","1.41622040131621","1.98112101688891"
"lfpr_yoy_change48...543",2019-10-01,"VT","2.09463491374633","3.01649659718181"
"lfpr_yoy_change48...544",2019-10-01,"WY","1.84246191844191","4.36166799961228"
"lfpr_yoy_change48...545",2019-10-01,"MS","2.09801983749038","0.698969076369847"
"lfpr_yoy_change48...546",2019-10-01,"ND","0.642985137556651","2.48645639191785"
"lfpr_yoy_change48...547",2019-10-01,"ME","4.06423954147042","3.27301048039641"
"lfpr_yoy_change48...548",2019-10-01,"SD","2.57343656108755","-0.175788355669627"
"lfpr_yoy_change48...549",2019-10-01,"NH","1.89249370210107","1.29303838211388"
"lfpr_yoy_change48...550",2019-10-01,"MD","0.45392839998728","1.2351976806045"
